id,nome,email,cidade,estado,segmento
1,Brenda Alves,samuel32@example.net,Rocha,SC,regular
2,Aurora Pastor,bandrade@example.org,da Conceição,PE,premium
3,Amanda Novais,zoeleao@example.org,Pastor de da Mota,SE,regular
4,Emanuel Sampaio,rfernandes@example.org,Teixeira,MT,regular
5,Caleb Garcia,fogacacatarina@example.net,Aparecida dos Dourados,PI,regular
6,Marcos Vinicius Barros,eloa93@example.net,Aparecida,RO,regular
7,João Vitor Barros,guilhermegarcia@example.com,Porto de Fonseca,CE,inativo
8,Dr. Gustavo Henrique Rios,diego92@example.net,Castro,PB,premium
9,Júlia Porto,ayllavargas@example.org,Andrade,SE,regular
10,Dr. João Felipe Azevedo,ana-vitoriacunha@example.net,Gonçalves de Ramos,PB,premium
11,João Carvalho,stephanyda-luz@example.net,Pacheco das Flores,MS,regular
12,Davi Miguel Moraes,wborges@example.org,Cassiano,RS,regular
13,Otávio Peixoto,gomesgiovanna@example.net,Moura de da Cunha,PI,premium
14,Danilo Rodrigues,carolina14@example.com,Marques,AC,premium
15,Dra. Julia Montenegro,nataliacaldeira@example.net,Porto do Galho,RN,regular
16,Eduardo Freitas,valentinavasconcelos@example.net,Peixoto,MT,regular
17,Allana Camargo,ana-liz30@example.org,Barros,SC,regular
18,Ana Lívia Teixeira,jose-miguelribeiro@example.com,da Luz,PE,regular
19,Mariana Cunha,ana-liviaguerra@example.net,Macedo do Galho,PB,inativo
20,Josué Câmara,fernandesasafe@example.net,Pastor,ES,premium
21,Brayan Santos,da-conceicaodavi-luiz@example.org,Barbosa do Galho,ES,inativo
22,Ryan Cunha,maria-juliada-cruz@example.com,Correia do Campo,AM,regular
23,Marina Fogaça,djesus@example.net,Rocha,RS,regular
24,Beatriz Araújo,vsiqueira@example.org,Correia,DF,premium
25,Melissa Carvalho,rcirino@example.com,Barbosa,PB,inativo
26,Beatriz Aragão,borgesrenan@example.org,Mendonça do Amparo,DF,regular
27,Ana Liz Cavalcante,yabreu@example.com,da Paz de Lima,RR,premium
28,Dra. Raquel Cassiano,ana-carolinacunha@example.org,Souza,MT,premium
29,Benicio Pacheco,hmontenegro@example.org,Moraes,AP,inativo
30,Bernardo Peixoto,rocharavy@example.com,Nunes,ES,regular
31,Ana Cecília Pinto,leaorebeca@example.com,Costela Alegre,ES,inativo
32,Miguel Cardoso,maria-cecilia51@example.org,Pinto de Nunes,AM,regular
33,Vitor Gabriel Cunha,joao51@example.org,da Paz da Serra,PB,regular
34,Liz Pimenta,riosana-clara@example.net,Carvalho,GO,inativo
35,Cauê Souza,yagoda-paz@example.net,Silva,MT,regular
36,João Montenegro,dda-cunha@example.org,da Mota do Norte,AC,regular
37,Sr. João Castro,tnovaes@example.com,Camargo,AP,inativo
38,Srta. Ísis Andrade,juan62@example.org,Fonseca do Norte,MS,regular
39,Josué Rios,fogacajoana@example.net,da Costa,CE,inativo
40,Noah Alves,brendaviana@example.com,da Mata,CE,regular
41,Srta. Maria Helena Andrade,mcamara@example.com,das Neves de Goiás,ES,regular
42,Gael Guerra,agatha14@example.com,Rocha da Prata,MT,premium
43,Danilo da Luz,viniciusandrade@example.org,Ferreira Alegre,PA,regular
44,Sophia Camargo,moliveira@example.com,Santos,PA,regular
45,Vicente Nascimento,emanuellalopes@example.org,Pinto Alegre,RO,premium
46,Kaique Montenegro,julia56@example.net,Novaes Grande,DF,regular
47,Maria Helena Rocha,ana-juliaguerra@example.net,da Rosa,MA,premium
48,Pedro Viana,maria-flor77@example.net,Moraes,PR,regular
49,Srta. Antonella da Paz,francisco34@example.org,Casa Grande,AC,regular
50,Joaquim Melo,marqueskamilly@example.net,Silva,RR,regular
51,Sabrina Guerra,juanrezende@example.net,Sá,SP,regular
52,Otávio Câmara,rafaelamartins@example.org,Campos,PB,regular
53,Ravi Rios,luisa98@example.com,Castro de Souza,PR,regular
54,Joana Sá,yurivargas@example.net,Pires de da Costa,GO,inativo
55,Ana Vitória Silva,ravy45@example.com,Carvalho,BA,regular
56,Matheus Sales,pauloazevedo@example.com,Farias da Prata,PB,regular
57,Ana Liz Costela,xgomes@example.net,Teixeira,RJ,premium
58,Pietra Abreu,ana-cecilia66@example.net,Mendonça,ES,regular
59,Pedro Henrique Mendonça,gomesbarbara@example.net,Silveira da Serra,TO,premium
60,Carolina Pinto,goncalvesbenjamim@example.org,Carvalho dos Dourados,CE,regular
61,José Pedro Garcia,otavio75@example.com,da Mota das Pedras,GO,inativo
62,Ravy Almeida,ferreirapietro@example.net,Vasconcelos,RS,regular
63,Arthur da Cruz,asafepinto@example.org,Cardoso,PR,regular
64,Bruna Nunes,maria-florsampaio@example.com,Cavalcante do Campo,SP,regular
65,Leonardo Caldeira,das-nevesfernanda@example.com,Barbosa,RJ,inativo
66,Dra. Isabelly Caldeira,isaque90@example.com,Ribeiro da Praia,AP,regular
67,Manuela Albuquerque,gmendonca@example.com,Porto dos Dourados,RR,regular
68,Pedro Henrique Cavalcanti,stephany77@example.com,Duarte de Goiás,TO,premium
69,João Lucas Machado,maria-fernandanunes@example.net,Fernandes do Sul,PR,regular
70,Sr. Ryan Cunha,valentim54@example.net,Novais do Sul,PE,regular
71,Bryan da Costa,jmendonca@example.org,Ramos de Silva,PR,regular
72,Allana Borges,pedro-miguel63@example.com,Melo da Prata,PE,inativo
73,Dr. Yan Farias,maria44@example.com,Campos,SC,inativo
74,Levi Campos,matheuscunha@example.net,da Mota de Silveira,RJ,regular
75,Larissa Brito,ana-carolinada-conceicao@example.com,da Rosa,AC,regular
76,Dra. Carolina da Mota,aragaoana@example.net,Porto,SP,regular
77,Bella Albuquerque,maria-isis77@example.com,Aragão,GO,inativo
78,Bruna Azevedo,emendonca@example.net,Cassiano,BA,regular
79,Liz Barros,isaacnovais@example.com,Vasconcelos,PE,regular
80,Milena Macedo,liz49@example.net,Pimenta,SC,regular
81,Gustavo Henrique Pires,viniciusribeiro@example.org,da Costa,CE,regular
82,Ana Vitória Castro,jesusmanuella@example.net,da Rocha de Andrade,ES,regular
83,João Miguel Sampaio,rbarbosa@example.org,Viana Verde,RO,regular
84,Otávio Camargo,kaiqueda-mata@example.org,Araújo,CE,inativo
85,João Pedro Macedo,martinsana-julia@example.net,da Mata do Galho,PI,regular
86,Maysa Barros,lopesayla@example.net,Alves de Minas,ES,regular
87,Alícia Teixeira,bruno27@example.net,da Mota de Cirino,RJ,inativo
88,Rebeca Borges,aferreira@example.com,Rios do Campo,CE,regular
89,Dr. Thales da Paz,jteixeira@example.org,Borges de Dias,GO,premium
90,Sr. Nathan Moraes,ribeirovitoria@example.com,Aragão do Oeste,PE,premium
91,Dr. Pedro Miguel Teixeira,costelavitor@example.net,da Paz,PB,premium
92,Sra. Camila Alves,liamdas-neves@example.net,Novaes,PA,regular
93,Henry Gabriel Camargo,pcampos@example.org,Silva de da Rocha,PE,regular
94,Sra. Maria Vitória Mendes,dda-cruz@example.net,Gomes,DF,regular
95,Sophia Souza,davi-miguelda-mota@example.com,Viana do Galho,GO,premium
96,João Miguel Silveira,mariana27@example.net,Ferreira de Farias,PI,regular
97,Maria Flor Marques,marcos-vinicius39@example.com,Vasconcelos,PA,inativo
98,Liam Souza,zsantos@example.com,Ribeiro Grande,PR,regular
99,Davi Lucas Montenegro,guilherme71@example.net,Albuquerque de Silveira,BA,inativo
100,Daniela Barbosa,qviana@example.com,Rezende de Minas,MT,inativo
101,Yasmin Garcia,mariah80@example.net,da Costa,RS,premium
102,Laura da Conceição,lopesgael-henrique@example.net,Macedo,CE,regular
103,Sra. Ana Aparecida,daniel45@example.com,Casa Grande de Goiás,PE,regular
104,Emilly Cavalcante,emanuelpimenta@example.com,Monteiro,RJ,regular
105,Igor Martins,maria-clara40@example.com,Rocha da Prata,CE,regular
106,Pedro Miguel Ferreira,lais47@example.com,Gomes,PR,regular
107,Isaac Garcia,ana-carolina40@example.net,da Mota do Sul,RJ,premium
108,Ana Julia Pereira,xda-paz@example.org,Câmara do Oeste,RN,regular
109,Davi Miguel Pires,piresbruno@example.com,Andrade de Pacheco,MS,regular
110,Srta. Ayla da Rocha,kamilly23@example.org,Moura do Galho,GO,inativo
111,José Miguel Mendes,camila17@example.org,Sá,ES,inativo
112,Maria Laura Novais,fernando60@example.com,Marques,MS,regular
113,Julia Pacheco,xporto@example.org,Melo,AC,regular
114,Lunna Pimenta,davi-lucasporto@example.com,Rezende das Pedras,AM,premium
115,Augusto Andrade,marina11@example.org,Gomes,PB,inativo
116,Dr. Eduardo Leão,mendoncajoana@example.com,Sales,MS,inativo
117,Pedro Miguel Macedo,eloabrito@example.net,Nogueira da Praia,AL,regular
118,Kamilly Correia,marquesfernando@example.net,Ramos,RS,regular
119,Alícia Aragão,ryan29@example.org,Teixeira,PI,regular
120,Henrique da Conceição,juan90@example.com,Cardoso,PI,premium
121,Erick Camargo,cardosoarthur@example.com,Pastor,MT,regular
122,Erick da Luz,cardosolaura@example.net,Souza,AP,regular
123,Melissa Vasconcelos,olivia91@example.com,Pimenta,AL,regular
124,Dra. Stephany da Rosa,bramos@example.org,Guerra de Lima,RO,regular
125,Samuel Silva,fbarbosa@example.com,Azevedo,BA,premium
126,Yan Silva,giovanna98@example.com,Montenegro de Pereira,PA,regular
127,Danilo Rezende,lorenamachado@example.org,Fernandes dos Dourados,MG,premium
128,Aylla Dias,qdias@example.com,Cassiano do Amparo,AP,inativo
129,Bryan Borges,vbrito@example.net,Cardoso da Prata,AL,inativo
130,Luísa Rios,jesusdaniela@example.net,Silveira do Norte,MA,inativo
131,Luana Fogaça,oliveiranatalia@example.org,Ribeiro,PR,regular
132,Cauê Ferreira,ian49@example.org,Novais da Prata,AC,premium
133,Juliana Alves,yagosampaio@example.com,Ferreira do Sul,CE,inativo
134,Murilo Azevedo,bentoborges@example.net,Garcia,PA,inativo
135,Manuela Castro,ana-livia59@example.net,Aragão,BA,premium
136,Benicio Rocha,da-mataluisa@example.net,Mendonça dos Dourados,PA,regular
137,Henrique Sá,ferreiralorena@example.org,Rocha Verde,PR,premium
138,Lorena Aparecida,isabelapeixoto@example.org,Costela,MA,regular
139,Davi Miguel Teixeira,amanda51@example.org,Souza de Lopes,CE,regular
140,Mateus Nascimento,melissanovais@example.net,Barbosa das Flores,SC,premium
141,Pedro Henrique Almeida,ubarbosa@example.net,Oliveira das Flores,RR,regular
142,Maria Vitória da Rocha,guerraasafe@example.com,Pinto,PB,regular
143,Sra. Aurora Lopes,da-cruzluiza@example.net,Moura de Minas,MG,regular
144,Lucca Câmara,lucca18@example.net,Moura,PE,inativo
145,Luiz Fernando Ferreira,ravycaldeira@example.org,Costa da Serra,RN,regular
146,Breno Cavalcanti,wmartins@example.net,Rodrigues de Nunes,RS,regular
147,Luna Pires,kevin71@example.com,Pires de da Rosa,SE,regular
148,Benjamin Fogaça,das-nevesmaria-eduarda@example.com,Araújo,MS,regular
149,Breno Ramos,pimentanatalia@example.com,Pacheco de Novaes,SE,regular
150,Srta. Milena Oliveira,aurorapereira@example.com,Araújo,PB,regular
151,Luigi Silva,montenegroluiz-felipe@example.org,Santos,PB,inativo
152,Valentina Moreira,emanuellafreitas@example.com,Jesus Alegre,RO,regular
153,Ana Júlia Vieira,davi-lucca51@example.net,da Paz Paulista,SC,regular
154,Clarice Farias,pachecojoao-miguel@example.com,Rezende das Flores,BA,regular
155,Antonella das Neves,yramos@example.com,Rios,RR,premium
156,Dra. Valentina Borges,xmoraes@example.org,das Neves da Serra,DF,regular
157,Dr. Gael Câmara,leonardobarbosa@example.com,Montenegro,SP,regular
158,Valentina Andrade,joao96@example.org,Cirino,TO,regular
159,Dra. Eloah Silveira,aaparecida@example.com,Macedo,RN,regular
160,Pietro da Conceição,ana-luizaviana@example.com,Freitas,RO,regular
161,Maysa Martins,giovanna88@example.com,Costa,SE,premium
162,Cecilia da Cunha,ramosmaria-luisa@example.com,Silva,PE,regular
163,João Miguel Barros,yagomachado@example.net,Lopes,AP,regular
164,Rael Ferreira,leaocaue@example.com,da Costa das Flores,AP,inativo
165,Sr. Arthur Dias,silvabruna@example.org,Andrade,MA,inativo
166,Cecilia Teixeira,nmachado@example.org,Almeida,GO,premium
167,Dom Novaes,xcamargo@example.com,da Rosa,AM,regular
168,Isaque Leão,hazevedo@example.com,Pires,PE,regular
169,Isabella Silva,analima@example.org,da Costa Verde,PA,regular
170,Bryan Moura,davi-luiz88@example.net,Gomes,PR,premium
171,Mathias Freitas,arthur-gabriel51@example.com,Siqueira,RO,inativo
172,Bella Vargas,joao-felipe05@example.net,Ramos da Serra,TO,regular
173,Nicole Sampaio,lpires@example.org,Silva,SP,regular
174,Ana Carolina da Rocha,caiovieira@example.org,Dias,MA,regular
175,Maria Laura Nogueira,cda-cunha@example.net,da Paz,MS,inativo
176,Lucas da Mata,freitasluiza@example.com,Gomes de Fernandes,CE,premium
177,Sara Freitas,enzo61@example.com,Nogueira,MA,premium
178,Sr. Bruno Duarte,ana-laura79@example.net,Cavalcante dos Dourados,MS,regular
179,Ana Cecília Siqueira,luara40@example.org,Fonseca do Galho,SE,regular
180,Dra. Eduarda Alves,lunaandrade@example.org,da Costa,SP,regular
181,Maria Clara Fonseca,cnunes@example.net,Rocha,PB,regular
182,Dr. Pedro Miguel Teixeira,oliveirajoao-guilherme@example.net,Gonçalves Alegre,RS,regular
183,Josué Camargo,sousamarcelo@example.com,Novais do Campo,GO,inativo
184,Pietro Cunha,mariane31@example.org,Machado,CE,premium
185,Sra. Aurora Rodrigues,cecilia18@example.net,da Rosa da Serra,RR,regular
186,Dra. Emanuella Vieira,nicole31@example.org,da Costa,SE,regular
187,Amanda Fonseca,maria-helena82@example.net,Azevedo,MA,inativo
188,Pietra Moura,avargas@example.net,Cardoso,MT,regular
189,Ana Sophia Machado,hrodrigues@example.com,Vasconcelos,PI,premium
190,Emilly Vargas,luanamontenegro@example.org,Moreira,BA,regular
191,Enzo Castro,rael58@example.com,da Cunha,DF,regular
192,Kamilly Cardoso,sophie18@example.net,Pastor,RJ,regular
193,Enzo Gabriel Ribeiro,bryan01@example.org,Rezende do Oeste,SP,regular
194,Maria Vitória Pinto,monteirozoe@example.com,Mendes de Goiás,SE,inativo
195,Maria Luiza da Rosa,sbarbosa@example.org,Macedo,PA,regular
196,Nicole Costela,joao-pedro55@example.net,Guerra Grande,SP,inativo
197,Sr. Liam da Costa,rcampos@example.com,Casa Grande,AM,regular
198,João Vitor Gomes,kda-cruz@example.com,Correia da Serra,PR,premium
199,Nina Monteiro,maysa01@example.com,da Costa de Cunha,RJ,inativo
200,Sr. Benicio da Paz,ppeixoto@example.net,da Paz de Nascimento,AC,inativo
201,Pedro Carvalho,emanuelly65@example.org,Aragão Verde,PI,inativo
202,Luiz Miguel Novaes,diogo68@example.com,Pinto do Campo,BA,inativo
203,Matteo Freitas,emanuelly23@example.net,Montenegro do Norte,AL,inativo
204,Davi Miguel Silva,maria-julia87@example.org,Duarte,RN,premium
205,Sr. Matteo Pimenta,barbara88@example.net,Santos de Nunes,MA,regular
206,Allana Freitas,henry69@example.com,Peixoto,PR,regular
207,Ian Silveira,pachecomaria-luiza@example.org,Casa Grande de Goiás,AL,regular
208,Brenda Correia,macedoana-sophia@example.com,Jesus,RR,premium
209,Noah Montenegro,usousa@example.org,Moreira,DF,regular
210,Lunna Ribeiro,ymoura@example.com,Marques,PI,inativo
211,Dr. João Pimenta,pcorreia@example.com,Câmara da Mata,SP,regular
212,Gustavo Henrique Sales,edias@example.com,da Paz do Campo,RJ,regular
213,Ísis Garcia,xferreira@example.org,Aparecida da Mata,RR,regular
214,Luiz Felipe Macedo,maria-luiza33@example.net,Novais Paulista,BA,regular
215,Isaque da Cruz,riossofia@example.org,Aragão,AM,inativo
216,Luísa Silva,rbrito@example.org,Novaes,CE,inativo
217,Olívia Mendes,aliciaduarte@example.com,Vargas,AP,regular
218,Isabel Nascimento,cavalcantilara@example.org,Gonçalves,SE,regular
219,Ester Souza,breno04@example.net,Farias,MA,premium
220,Ísis Moura,gcarvalho@example.com,Correia do Campo,MT,regular
221,Raul Ramos,marcelo05@example.com,Cavalcanti,RN,inativo
222,Maria Luiza Lima,erick61@example.org,Mendes,MT,regular
223,André da Luz,cda-costa@example.com,da Rosa Verde,SC,regular
224,Alexia da Luz,ravy01@example.com,Castro das Flores,RO,regular
225,Luana Sales,portoana-carolina@example.com,Câmara,BA,premium
226,Daniela Marques,kamilly87@example.net,Teixeira,ES,regular
227,Anna Liz Moura,tmoura@example.com,Nunes,AM,regular
228,Yan Montenegro,stellacassiano@example.org,Moreira dos Dourados,AM,inativo
229,Gabrielly Silva,gborges@example.com,Marques,BA,premium
230,Maria Vitória Marques,novaismaria-eduarda@example.net,Silveira do Sul,MG,inativo
231,Alexandre Souza,diogoaparecida@example.com,Sampaio de Minas,PI,premium
232,Bernardo Melo,da-pazjulia@example.org,Vargas,RS,premium
233,Dra. Mariah Freitas,ymachado@example.com,Rodrigues,RO,regular
234,Catarina Rezende,isaac28@example.com,Siqueira,ES,regular
235,Antônio da Rosa,urocha@example.net,Nascimento das Flores,TO,regular
236,Josué Marques,leonardo43@example.net,Andrade,SE,premium
237,Mariah Pimenta,da-costanoah@example.org,Peixoto,AL,inativo
238,Ana Julia da Cruz,guerraluna@example.org,Sá,SP,regular
239,Davi Miguel Montenegro,ravi-lucca95@example.net,da Costa da Mata,BA,regular
240,Stephany Câmara,rda-rosa@example.org,Pires,RO,regular
241,Sabrina Aragão,giovanna85@example.net,Jesus Grande,MA,regular
242,Ester Sá,oda-costa@example.com,Martins,AL,regular
243,Maria Sophia Leão,hellenada-cruz@example.com,Farias,RS,regular
244,Rael Freitas,nascimentomateus@example.org,Garcia do Norte,AP,inativo
245,Henrique Mendes,brendada-rosa@example.org,Correia,SC,regular
246,Rhavi da Cruz,isabellada-costa@example.net,Vasconcelos da Mata,MG,regular
247,Yasmin Rezende,ana-liz45@example.net,Martins de Brito,SE,regular
248,Sra. Luiza Costela,ana-sophia60@example.net,Sousa,BA,regular
249,José Pedro Novaes,jda-rocha@example.org,da Conceição das Flores,RJ,regular
250,Theo Novaes,theo77@example.com,Siqueira,SE,regular
251,Sr. Davi Miguel Silveira,icirino@example.net,Moura,AL,regular
252,Benicio Teixeira,jesusjoao-guilherme@example.net,Azevedo,RR,regular
253,Anthony Cunha,dfreitas@example.net,Ribeiro de Mendonça,AC,premium
254,Vitor Novaes,balbuquerque@example.net,Nascimento da Mata,AC,regular
255,Marina Cavalcanti,britosabrina@example.org,Correia,RN,inativo
256,Isis Fogaça,isabella15@example.com,Nunes de da Cruz,RR,inativo
257,Kaique Rodrigues,rezendebenicio@example.org,Garcia das Flores,PI,premium
258,Ana Laura Porto,sampaioluigi@example.org,Lopes de Ramos,SE,regular
259,Sr. Vinícius Aparecida,otaviosales@example.net,da Mata de Aparecida,AP,regular
260,Lara Nogueira,cavalcantiana-vitoria@example.org,Pastor,BA,inativo
261,Sra. Ana Vitória da Rosa,rodrigonunes@example.com,Gomes Grande,SE,inativo
262,Dra. Anna Liz Montenegro,caue16@example.org,Fernandes,RN,inativo
263,Maria Laura Vasconcelos,bento47@example.com,Fogaça,PI,regular
264,Marina Cirino,xbarros@example.net,da Cruz de Minas,AP,premium
265,Eduardo Garcia,heloisadias@example.com,Borges,AC,inativo
266,Pedro Miguel Fonseca,gustavo21@example.org,Machado da Prata,PI,regular
267,Maria Luísa Caldeira,borgesdaniela@example.net,Peixoto,RN,regular
268,Dr. Anthony Gabriel da Rocha,xgomes@example.org,Oliveira,PE,inativo
269,Mateus Cavalcante,vitor-gabrielda-rosa@example.com,Casa Grande de Azevedo,CE,regular
270,Kamilly Leão,maria-sophia15@example.com,Silveira,RS,premium
271,Fernanda Marques,carvalhoana-julia@example.org,Farias das Flores,SE,inativo
272,Dr. Lucas Gabriel Lopes,ana-claraduarte@example.net,Mendes,MT,regular
273,Miguel Dias,mariane93@example.com,da Mota das Flores,MS,regular
274,Guilherme Pastor,isisalves@example.net,Santos de Costela,PB,inativo
275,Bernardo Vieira,frocha@example.org,da Costa Paulista,RO,premium
276,Otávio Vieira,cbarbosa@example.net,Pacheco de Guerra,PI,premium
277,Mariah Nogueira,vieiraeloah@example.net,Caldeira,SP,premium
278,Luiz Gustavo Cavalcante,nunesisabelly@example.com,Caldeira do Sul,AM,regular
279,Henry Moraes,maitefreitas@example.com,Vargas de Rocha,RJ,regular
280,Dra. Clarice Ferreira,mendesgustavo-henrique@example.com,Barros do Campo,TO,regular
281,Srta. Marcela das Neves,maria-alice38@example.com,Melo do Campo,PB,regular
282,Dra. Milena Dias,da-rosacaio@example.net,Almeida,MT,regular
283,Bianca Rocha,ryanmoreira@example.org,Farias,PI,regular
284,Nicole da Conceição,bgoncalves@example.net,Machado,RJ,regular
285,Maria Julia Abreu,noahda-mota@example.net,Oliveira,AM,regular
286,Ester Fonseca,matteo71@example.com,Moura de Porto,MT,inativo
287,Maria Julia Pimenta,hpastor@example.com,Marques da Serra,TO,inativo
288,Letícia Pimenta,rochajoao-felipe@example.com,da Costa,MA,premium
289,Fernando Freitas,ninagomes@example.com,Oliveira,MG,regular
290,Ester Mendonça,lucas-gabrielmendonca@example.com,Cirino,MT,regular
291,Ana Júlia Fogaça,mendoncajoao-gabriel@example.org,Novais do Galho,RS,premium
292,Maria Luísa Rodrigues,tleao@example.com,Cavalcante de Barros,RJ,regular
293,Henry da Rocha,da-motarael@example.net,Cavalcante dos Dourados,RJ,regular
294,Sra. Sophia Camargo,da-matayasmin@example.com,Teixeira,SC,regular
295,Ísis Cunha,vcaldeira@example.net,da Rosa,AL,regular
296,Julia Ferreira,macedoisaac@example.org,Sousa,RJ,regular
297,Sra. Mariane Cavalcante,noahcostela@example.org,Nascimento Paulista,RN,regular
298,Eloá Duarte,amanda94@example.net,Carvalho,SP,premium
299,Ana Liz da Mota,joaoda-cruz@example.org,da Cruz das Flores,PR,premium
300,João Felipe Pires,cgarcia@example.org,Guerra,PE,inativo
301,Sra. Maria Eduarda Marques,lduarte@example.org,Siqueira,PB,inativo
302,Maria Alice Azevedo,bcunha@example.org,da Mata de Duarte,TO,regular
303,Lucca Novaes,maria-vitoriaviana@example.com,Aparecida,AM,inativo
304,Natália Almeida,castrolunna@example.com,Lima,DF,regular
305,Srta. Liz Castro,francisco54@example.org,Rios da Serra,AL,premium
306,Lorena Silveira,lizrezende@example.org,Abreu,DF,premium
307,Ana Vitória Cardoso,rafaelarodrigues@example.com,Albuquerque,RR,regular
308,Sr. Otávio Sales,maria-lizbarbosa@example.org,Borges do Campo,AM,inativo
309,Dr. Kaique Carvalho,wvasconcelos@example.org,Azevedo,PE,regular
310,Alexia Pimenta,lunnaferreira@example.net,Pires,SC,inativo
311,Noah Pimenta,fcunha@example.org,Sá,AM,inativo
312,Maria Isis Ferreira,ydias@example.org,da Mota,RS,regular
313,Josué Novaes,benjamim43@example.net,Souza,MG,regular
314,Benjamim Viana,mayagomes@example.org,Monteiro,RS,premium
315,Ana Sophia Moura,fonsecaanna-liz@example.org,Nunes das Pedras,MS,regular
316,Emanuella Teixeira,evargas@example.org,Albuquerque,GO,inativo
317,Asafe Araújo,smontenegro@example.net,Lima das Flores,AP,regular
318,Zoe Nascimento,agathabarros@example.com,Moraes,DF,regular
319,Vitor Gabriel Duarte,opastor@example.net,das Neves,RR,premium
320,Isabella Araújo,ericklopes@example.org,Pimenta de Pereira,AL,inativo
321,Erick Campos,santosjoao-guilherme@example.net,Castro,PR,inativo
322,Dr. Enzo Freitas,vitor-gabrielsiqueira@example.org,Farias,SE,inativo
323,Júlia Moura,da-luzeduardo@example.com,Moraes de Fonseca,AL,inativo
324,Eloah Freitas,thomasvargas@example.org,da Conceição,SC,inativo
325,Agatha Aparecida,da-cruzcaleb@example.com,Gomes Grande,CE,premium
326,Yuri Silva,ucamara@example.org,Silveira Alegre,GO,regular
327,Marcelo Campos,cavalcantipietro@example.net,Guerra,AP,regular
328,Larissa Vasconcelos,beatriz18@example.com,Freitas,DF,inativo
329,Kevin Sousa,maria-fernandafreitas@example.net,Vargas de Vasconcelos,DF,inativo
330,Dra. Isabelly Cassiano,jesusbenicio@example.org,Porto do Sul,MT,inativo
331,Marcos Vinicius Sousa,gustavo-henrique38@example.org,Mendonça do Norte,BA,inativo
332,Sra. Ayla Aparecida,raqueljesus@example.net,Marques de Minas,RJ,regular
333,Thiago Carvalho,lbarbosa@example.net,Lopes,RO,regular
334,Isaac da Rocha,ana-vitoria65@example.com,da Mata de da Conceição,AP,premium
335,Davi Luiz Vasconcelos,cassianoheitor@example.org,Martins de Dias,PA,inativo
336,Vitor Gabriel Fogaça,marceladas-neves@example.com,Campos de Minas,CE,inativo
337,Liz Santos,cunhabeatriz@example.org,Silva,ES,regular
338,Dr. Théo Aragão,vicente20@example.com,Novais de Souza,PI,inativo
339,Calebe Martins,vieirajoao-lucas@example.org,Araújo,TO,regular
340,Davi Lucca Costa,rfreitas@example.net,Pacheco,RJ,regular
341,Breno Almeida,costalivia@example.org,Farias,AM,regular
342,Ravi Aragão,luanasilveira@example.com,Alves de Garcia,RO,regular
343,Emanuella Fogaça,marceloda-mota@example.com,Cassiano de Andrade,RN,premium
344,Isabelly Ramos,melina68@example.com,Borges,GO,premium
345,Cecilia Leão,sarada-cruz@example.net,Garcia,SE,regular
346,Sra. Pietra Nogueira,kferreira@example.net,Gomes Paulista,CE,inativo
347,Liam Peixoto,bentovasconcelos@example.com,Melo,PE,inativo
348,Sr. Emanuel Brito,rodrigoda-mata@example.net,Teixeira,ES,regular
349,Maria Julia Fogaça,luiz-gustavoda-costa@example.net,Sousa da Praia,RJ,regular
350,Luiz Gustavo Nunes,marcos-viniciusmonteiro@example.net,Cavalcanti do Amparo,AL,regular
351,Benjamin da Conceição,asafemoura@example.com,Farias,RN,inativo
352,Davi Lucca Fernandes,aylaaraujo@example.org,Pastor,RR,regular
353,Daniel Moura,diogo56@example.net,Fernandes,MA,inativo
354,Sr. Emanuel Siqueira,ovieira@example.com,Cavalcanti da Prata,RR,premium
355,Maria Alice Câmara,gabrieladas-neves@example.net,Cardoso da Serra,SC,inativo
356,Matteo Vargas,cirinoanna-liz@example.net,Porto,RJ,premium
357,Theo Casa Grande,eduardo35@example.com,Porto,AP,inativo
358,Dra. Lívia Machado,da-luzotto@example.org,Ferreira,GO,regular
359,Alexandre Aragão,umacedo@example.com,Jesus,PR,premium
360,Marcela Nogueira,ebrito@example.net,Castro,PB,regular
361,Arthur Gabriel da Rocha,diasvicente@example.org,Fernandes,CE,regular
362,Elisa Siqueira,novaesfrancisco@example.com,Santos de Alves,PA,regular
363,Eloah Pereira,dcastro@example.org,Costela do Oeste,PA,regular
364,Dra. Ágatha da Luz,ana-cecilia31@example.org,Oliveira da Prata,TO,regular
365,Daniela Aragão,andre61@example.com,Costa de Brito,AC,regular
366,Enzo Gabriel Porto,enrico71@example.com,Melo do Amparo,RO,regular
367,Caleb Ramos,xcirino@example.com,Cirino dos Dourados,AL,regular
368,Pedro Lucas Martins,rael49@example.org,Sá,RR,regular
369,Aylla Barros,vitoria69@example.org,Gomes,TO,premium
370,Mariah Nascimento,poliveira@example.com,Barros das Flores,RR,inativo
371,Theodoro Oliveira,isaquesa@example.com,Cavalcante,DF,regular
372,Davi Lucas Aparecida,rbarros@example.com,Pires,BA,regular
373,Joana Dias,borgeshellena@example.net,Novaes Alegre,GO,regular
374,Natália Albuquerque,acamargo@example.org,Nunes,RJ,regular
375,Beatriz Caldeira,vianaallana@example.net,Jesus Paulista,MG,regular
376,Raquel Oliveira,landrade@example.com,Casa Grande das Flores,AL,premium
377,Luísa Sales,carlos-eduardosouza@example.com,Freitas do Sul,MT,regular
378,Leonardo da Mota,rsampaio@example.org,Carvalho,MA,regular
379,Sra. Luna da Mata,ppereira@example.org,Macedo,DF,regular
380,Raquel Teixeira,daniel82@example.org,Santos do Galho,MG,inativo
381,Vinicius Nunes,cavalcantimatheus@example.org,da Cruz,AL,regular
382,Ana Julia Fonseca,yanfreitas@example.com,Porto do Campo,RO,regular
383,Isaque Freitas,cpeixoto@example.org,Pastor de Novaes,MS,regular
384,Sr. José Pedro Souza,da-pazbenjamin@example.com,Castro,RJ,regular
385,Henry Ramos,noahda-mata@example.net,Moraes do Sul,SP,regular
386,Alexia Melo,luiz-felipepeixoto@example.org,da Cunha,RN,regular
387,João Guilherme Lima,dferreira@example.com,Martins,MA,premium
388,Stephany Pinto,gpacheco@example.org,Novais da Mata,MA,regular
389,Bianca Mendes,fernandesyuri@example.net,da Mota Paulista,RS,inativo
390,Dra. Letícia Correia,pietrateixeira@example.org,Peixoto,MG,regular
391,Luiza Rodrigues,benjamimrezende@example.com,da Luz das Pedras,MG,inativo
392,Ana Carolina Pacheco,carolinesilveira@example.net,Rodrigues,PI,regular
393,Olívia Rios,natalia42@example.net,da Rocha,AM,regular
394,Carolina Sousa,luiz-otavio51@example.org,Câmara da Mata,PA,regular
395,Dr. José Pedro Pacheco,maria-fernanda17@example.org,Melo,DF,premium
396,Bárbara Rodrigues,cassianojoao-guilherme@example.org,Jesus Verde,PB,regular
397,Levi Silva,enricomendonca@example.com,Dias,RS,regular
398,André Machado,otto29@example.org,Viana de Teixeira,SP,regular
399,Davi Lucca Pimenta,bporto@example.com,Mendes das Flores,AC,regular
400,Vitor Costa,arthur58@example.org,Rocha,AC,regular
401,Isadora Câmara,ana-livia21@example.com,Cavalcante de Minas,TO,regular
402,Kaique da Rocha,hsiqueira@example.net,Lopes Grande,MT,regular
403,Maria Alice Sá,lucasguerra@example.org,Câmara,SC,regular
404,Heitor Siqueira,pastormirella@example.org,Fonseca,RR,inativo
405,Ana Carolina Garcia,sophie90@example.net,Ribeiro,AM,regular
406,Alícia Aragão,leaolivia@example.com,Novaes,GO,premium
407,Daniela Costela,da-rosalaura@example.net,Ribeiro,PE,premium
408,Davi Miguel Leão,moraesisaac@example.com,Viana,AM,regular
409,Fernanda Pereira,viniciusmoreira@example.org,Santos das Pedras,MA,regular
410,Asafe Novaes,scostela@example.com,da Costa do Sul,AC,regular
411,Aurora Camargo,fcassiano@example.net,Silveira,SC,inativo
412,José Miguel Ramos,maria-aliceda-rocha@example.com,Aragão de Brito,TO,regular
413,Asafe da Rocha,ana-sophia61@example.org,Albuquerque,BA,regular
414,Eloá Farias,luna94@example.net,Freitas,TO,regular
415,Sr. Danilo Guerra,rmarques@example.com,Leão de Rezende,SE,premium
416,Daniel Cardoso,castrogustavo-henrique@example.com,Nunes de Rocha,PB,premium
417,Mateus Vasconcelos,benjamin27@example.com,Jesus,PB,regular
418,Benício da Luz,apollo89@example.net,Rios,MT,regular
419,Stephany Sales,lopestheo@example.com,Ribeiro das Flores,BA,inativo
420,Ana Júlia Albuquerque,mirellamelo@example.com,Barbosa,SP,premium
421,Luna da Costa,agatha08@example.org,Guerra de Goiás,AP,regular
422,Melina Oliveira,fborges@example.com,Campos do Amparo,SC,regular
423,Allana Caldeira,cjesus@example.net,Borges,SE,premium
424,Liz Moraes,maria-alicefernandes@example.com,Câmara,PB,regular
425,Dr. Luiz Otávio Silva,gcamargo@example.net,Abreu,MT,regular
426,Dr. Yan Moreira,heitor02@example.com,Silva,SC,regular
427,Sra. Bianca da Cunha,marcos-viniciuscampos@example.com,Marques,TO,regular
428,Lucca Caldeira,oaparecida@example.net,Vargas,PB,premium
429,Sofia Carvalho,habreu@example.net,Novaes,PA,regular
430,Rafaela Moraes,luiz-felipesiqueira@example.org,Gomes,RO,regular
431,Luna Montenegro,mleao@example.net,da Mota,MG,premium
432,Dr. Rael Carvalho,juliapereira@example.net,Sampaio da Prata,MT,regular
433,Dra. Helena Costa,amandarodrigues@example.com,Santos,RS,premium
434,Theodoro Nogueira,igor58@example.com,Rocha da Prata,MA,inativo
435,Alice Moreira,alvesgiovanna@example.org,Rios,AL,regular
436,João Felipe Sá,allanarodrigues@example.com,Araújo,RR,premium
437,Gustavo Sá,fogacamarcela@example.org,Souza,RS,regular
438,Maria Julia da Costa,calebe66@example.com,Novaes do Norte,AC,inativo
439,Sra. Gabriela Pinto,ocamara@example.net,Sá Verde,PI,regular
440,Dra. Fernanda Vasconcelos,ana-beatrizmachado@example.org,Cirino,CE,inativo
441,Dra. Bárbara Garcia,limaagatha@example.net,Cardoso da Serra,RJ,regular
442,André Farias,jsantos@example.org,Duarte,RN,inativo
443,Kevin Mendonça,diogo58@example.org,Moreira,AP,regular
444,Eduarda Leão,biancafarias@example.com,Cunha do Galho,PR,inativo
445,Alexia Camargo,maite39@example.net,Aparecida,RO,inativo
446,Dr. Danilo Gomes,valentina40@example.net,Moraes do Galho,PB,regular
447,Ana Clara da Rocha,auroramoraes@example.org,Cavalcante,SP,regular
448,Yasmin Abreu,costelapaulo@example.net,Caldeira do Oeste,PI,regular
449,Dra. Maya Ramos,souzaleandro@example.org,Silva de Farias,AL,inativo
450,Brayan Aragão,theodoronovais@example.org,da Luz,PA,regular
451,Milena Pires,ulopes@example.org,Rocha do Campo,PI,inativo
452,Benício Sá,sampaiodiogo@example.com,da Rocha,SE,regular
453,Liz Pereira,da-pazluna@example.com,Ribeiro do Sul,PR,regular
454,Vitor Câmara,heloisavieira@example.net,Porto Grande,MA,regular
455,Maria Fernanda Albuquerque,josueaparecida@example.org,Nascimento da Prata,AP,regular
456,Gustavo Henrique Souza,otavio68@example.org,Cirino,ES,regular
457,Isis Correia,cirinocaue@example.net,Ramos de Novaes,AP,regular
458,Bernardo da Cunha,costamariah@example.com,Cardoso de Goiás,AM,regular
459,Bernardo Correia,maria-vitoria75@example.net,Sales Verde,BA,regular
460,Maria Clara Dias,acavalcante@example.com,Viana,ES,regular
461,Dra. Maya da Mota,joao-felipe57@example.com,Fogaça de Vasconcelos,MA,premium
462,Bianca Cavalcanti,da-motajoao-lucas@example.net,da Luz,SC,regular
463,Ana Vitória Siqueira,almeidanatalia@example.net,Pacheco,RJ,regular
464,Hadassa Andrade,yasmin87@example.net,Fonseca,MG,regular
465,João Vitor Carvalho,gmontenegro@example.org,Fonseca do Galho,AC,regular
466,Isabella Pimenta,oliviacarvalho@example.com,Cavalcanti,RJ,premium
467,Clara Sousa,cfogaca@example.org,da Conceição de Azevedo,GO,regular
468,Sr. Asafe Rios,rafaelavieira@example.com,Melo dos Dourados,AL,regular
469,Lorenzo Caldeira,vinicius98@example.net,Garcia,RS,regular
470,Maria Clara Pastor,moreiratheodoro@example.com,Moreira,MG,premium
471,Dr. Ryan Vieira,apereira@example.net,Macedo,CE,regular
472,Breno Moraes,otavio22@example.org,Pereira do Campo,RO,regular
473,Oliver Farias,mendesmaria-luiza@example.com,Pastor,CE,regular
474,Maria Sophia Almeida,caiocardoso@example.net,Carvalho,RS,regular
475,Ana Cecília Oliveira,danielcavalcante@example.com,Moreira,MG,regular
476,Allana Silveira,enzo-gabriel37@example.net,Mendes de Cavalcante,ES,inativo
477,Cecília Vieira,ninada-luz@example.org,Marques Verde,AP,regular
478,Marcos Vinicius Gomes,henriquealmeida@example.org,Cassiano do Campo,CE,regular
479,Ana Carolina Viana,borgesmaria-luisa@example.net,Pereira,PI,inativo
480,Pedro Moreira,cfreitas@example.net,da Conceição do Amparo,SE,regular
481,Marcela Pastor,limajoao-felipe@example.com,Vargas de da Conceição,AP,regular
482,Yago Jesus,marcos-vinicius00@example.net,Moreira,AC,premium
483,Gabrielly Sales,julia51@example.org,Rezende Verde,GO,regular
484,Vitor Gabriel Lima,yuri63@example.com,Cavalcanti de Freitas,PI,regular
485,Rafaela da Cunha,catarina62@example.net,Souza,ES,inativo
486,Elisa Brito,nicoleguerra@example.com,Castro,MG,inativo
487,Alana Borges,maria-juliapeixoto@example.com,Azevedo,GO,regular
488,Léo Barros,silveirahadassa@example.com,Silva do Norte,SP,regular
489,Thales Macedo,costarafaela@example.com,Andrade,SE,regular
490,Sophia Moreira,luccarocha@example.org,da Costa do Sul,CE,regular
491,João Guilherme Vasconcelos,qfogaca@example.com,Pastor do Oeste,PE,regular
492,Bernardo Borges,cecilia54@example.org,Marques,MG,regular
493,Alana da Luz,joanamontenegro@example.org,Montenegro,MA,regular
494,Sr. Théo da Cunha,luisa69@example.com,Sá,MT,premium
495,Natália Pastor,mendesigor@example.com,Garcia,RS,regular
496,Ian Dias,hfogaca@example.net,Sampaio,TO,regular
497,Josué da Paz,guerracaroline@example.org,Melo,MT,regular
498,Sr. João Felipe Cirino,melinasousa@example.org,Sousa,ES,premium
499,Gustavo da Conceição,theopinto@example.com,Vasconcelos,AM,regular
500,Bruno Rocha,apimenta@example.net,Mendes,MS,premium
